[
  {
    "id": 1,
    "priority": 1,
    "action": {
      "type": "redirect",
      "redirect": {
        "regexSubstitution": "https://yewtu.be\\1"
      }
    },
    "condition": {
      "regexFilter": "^https?://(?:www\\.)?youtube\\.com(/.*)",
      "resourceTypes": ["main_frame"]
    }
  },
  {
    "id": 2,
    "priority": 1,
    "action": {
      "type": "redirect",
      "redirect": {
        "regexSubstitution": "https://beatbump.ml\\1"
      }
    },
    "condition": {
      "regexFilter": "^https?://(?:www\\.)?music\\.youtube\\.com(/.*)",
      "resourceTypes": ["main_frame"]
    }
  },
  {
    "id": 3,
    "priority": 1,
    "action": {
      "type": "redirect",
      "redirect": {
        "regexSubstitution": "https://nitter.net\\1"
      }
    },
    "condition": {
      "regexFilter": "^https?://(?:www\\.)?twitter\\.com(/.*)",
      "resourceTypes": ["main_frame"]
    }
  },
  {
    "id": 4,
    "priority": 1,
    "action": {
      "type": "redirect",
      "redirect": {
        "regexSubstitution": "https://nitter.net\\1"
      }
    },
    "condition": {
      "regexFilter": "^https?://(?:www\\.)?x\\.com(/.*)",
      "resourceTypes": ["main_frame"]
    }
  },
  {
    "id": 5,
    "priority": 1,
    "action": {
      "type": "redirect",
      "redirect": {
        "regexSubstitution": "https://libredd.it\\1"
      }
    },
    "condition": {
      "regexFilter": "^https?://(?:www\\.)?reddit\\.com(/.*)",
      "resourceTypes": ["main_frame"]
    }
  },
  {
    "id": 6,
    "priority": 1,
    "action": {
      "type": "redirect",
      "redirect": {
        "regexSubstitution": "https://proxigram.herokuapp.com\\1"
      }
    },
    "condition": {
      "regexFilter": "^https?://(?:www\\.)?instagram\\.com(/.*)",
      "resourceTypes": ["main_frame"]
    }
  },
  {
    "id": 7,
    "priority": 1,
    "action": {
      "type": "redirect",
      "redirect": {
        "regexSubstitution": "https://proxitok.herokuapp.com\\1"
      }
    },
    "condition": {
      "regexFilter": "^https?://(?:www\\.)?tiktok\\.com(/.*)",
      "resourceTypes": ["main_frame"]
    }
  },
  {
    "id": 8,
    "priority": 1,
    "action": {
      "type": "redirect",
      "redirect": {
        "regexSubstitution": "https://searx.space/search?q=\\1"
      }
    },
    "condition": {
      "regexFilter": "^https?://(?:www\\.)?google\\.com/search\\?q=([^&]*)",
      "resourceTypes": ["main_frame"]
    }
  },
  {
    "id": 9,
    "priority": 1,
    "action": {
      "type": "redirect",
      "redirect": {
        "regexSubstitution": "https://scribe.rip\\1"
      }
    },
    "condition": {
      "regexFilter": "^https?://(?:www\\.)?medium\\.com(/.*)",
      "resourceTypes": ["main_frame"]
    }
  },
  {
    "id": 10,
    "priority": 1,
    "action": {
      "type": "redirect",
      "redirect": {
        "regexSubstitution": "https://rimgo.bus-hit.me\\1"
      }
    },
    "condition": {
      "regexFilter": "^https?://(?:www\\.)?imgur\\.com(/.*)",
      "resourceTypes": ["main_frame"]
    }
  },
  {
    "id": 11,
    "priority": 1,
    "action": {
      "type": "redirect",
      "redirect": {
        "regexSubstitution": "https://quetre.iket.me\\1"
      }
    },
    "condition": {
      "regexFilter": "^https?://(?:www\\.)?quora\\.com(/.*)",
      "resourceTypes": ["main_frame"]
    }
  },
  {
    "id": 12,
    "priority": 1,
    "action": {
      "type": "redirect",
      "redirect": {
        "regexSubstitution": "https://libremdb.iket.me\\1"
      }
    },
    "condition": {
      "regexFilter": "^https?://(?:www\\.)?imdb\\.com(/.*)",
      "resourceTypes": ["main_frame"]
    }
  }
]
